url;label
https://flamecomics.xyz/series/127/cd5314ed38f45bcd;1
https://flamecomics.xyz/series/104/e14362c8abb94662;1
https://flamecomics.xyz/series/161/1a873aeed3314e48;1
https://flamecomics.xyz/series/73/5a2627222fb69398;1
https://flamecomics.xyz/series/23/a2b7ff7b820cdfae;1
https://flamecomics.xyz/series/153/8f3e31e99989fbf5;1
https://flamecomics.xyz/series/138/b6c158c8ae648b82;1
https://flamecomics.xyz/series/44/147dae20d9afe1be;1
https://flamecomics.xyz/series/157/88ac2519750f4e83;1
https://flamecomics.xyz/series/2/7b1a45c05fc72996;1
https://flamecomics.xyz/series/148/f7ad0628009ed5b0;1
https://flamecomics.xyz/series/51/6e178ed37f4fc410;1
https://flamecomics.xyz/series/125/13cd89d2d1d41141;1
https://flamecomics.xyz/series/112/3a59c4f2f964afa4;1
https://flamecomics.xyz/series/152/f3b5a0d1b2e51de7;1
https://flamecomics.xyz/series/159/5890674153e4e4e0;1
https://flamecomics.xyz/series/133/e9d2996b285167a8;1
https://flamecomics.xyz/series/154/1c3defaf49793e31;1
https://flamecomics.xyz/series/149/80584d380580a9b1;1
https://flamecomics.xyz/series/136/78cf36dc466717ee;1
https://asurascans.com/comics/the-regressor-can-make-them-all-030ff47a/chapter/27;1
https://asurascans.com/comics/chronicles-of-the-lazy-sovereign-030ff47a/chapter/48;1
https://asurascans.com/comics/chronicles-of-the-demon-faction-030ff47a/chapter/170;1
https://asurascans.com/comics/academys-genius-swordmaster-030ff47a/chapter/135;1
https://asurascans.com/comics/sandmancer-of-the-scorched-desert-030ff47a/chapter/21;1
https://asurascans.com/comics/the-martial-genius-who-remembers-everything-030ff47a/chapter/9;1
https://asurascans.com/comics/a-wimps-strategy-guide-to-conquer-the-tower-030ff47a/chapter/29;1
https://asurascans.com/comics/the-player-hides-his-past-030ff47a/chapter/122;1
https://asurascans.com/comics/reincarnators-stream-030ff47a/chapter/49;1
https://asurascans.com/comics/absolute-sword-sense-030ff47a/chapter/182;1
https://asurascans.com/comics/bad-born-blood-030ff47a/chapter/86;1
https://asurascans.com/comics/emperor-of-solo-play-030ff47a/chapter/66;1
https://asurascans.com/comics/reincarnation-of-the-fist-king-030ff47a/chapter/53;1
https://asurascans.com/comics/helmut-the-forsaken-child-030ff47a/chapter/133;1
https://asurascans.com/comics/noble-lady-reformation-guide-030ff47a/chapter/25;1
https://asurascans.com/comics/dukedoms-legendary-prodigy-030ff47a/chapter/48;1
https://asurascans.com/comics/magic-academys-genius-blinker-030ff47a/chapter/97;1
https://asurascans.com/comics/overgeared-030ff47a/chapter/323;1
https://asurascans.com/comics/trash-of-the-counts-family-030ff47a/chapter/173;1
https://asurascans.com/comics/a-mercenarys-rebirth-among-nobles-030ff47a/chapter/32;1
https://kunmanga.com/manga/becoming-a-villainess-yet-wanting-to-live-long/chapter-19/;1
https://kunmanga.com/manga/limited-extra-time/chapter-113/;1
https://kunmanga.com/manga/my-bias-gets-on-the-last-train/chapter-79/;1
https://kunmanga.com/manga/marriage-is-with-your-brother/chapter-66/;1
https://kunmanga.com/manga/around-forty/chapter-38/;1
https://kunmanga.com/manga/magic-emperor/chapter-857/;1
https://kunmanga.com/manga/the-player-hides-his-past/chapter-122/;1
https://kunmanga.com/manga/the-unforgettable-genius-martial-artist/chapter-9/;1
https://kunmanga.com/manga/confession/chapter-73/;1
https://kunmanga.com/manga/a-savage-proposal/chapter-95/;1
https://kunmanga.com/manga/endless-yearning/chapter-9/;1
https://kunmanga.com/manga/full-time-awakening/chapter-93/;1
https://kunmanga.com/manga/i-became-the-trashy-dukes-affair-partner/chapter-17/;1
https://kunmanga.com/manga/academy-s-genius-swordmaster/chapter-136/;1
https://kunmanga.com/manga/i-underestimated-my-oshis-attachment/chapter-138/;1
https://kunmanga.com/manga/looking-for-the-duchesss-husband/chapter-19/;1
https://kunmanga.com/manga/the-witchs-tears-become-poison/chapter-24/;1
https://kunmanga.com/manga/my-pirate-prince/chapter-28/;1
https://kunmanga.com/manga/the-villain-s-match-is-too-perfect/chapter-126/;1
https://kunmanga.com/manga/no-dating-allowed-in-the-office/chapter-88/;1
https://www.mangakakalot.gg/manga/ishigami-senki/chapter-35;1
https://www.mangakakalot.gg/manga/becoming-a-villainess-yet-wanting-to-live-long/chapter-19;1
https://www.mangakakalot.gg/manga/aksin-sonyeon/chapter-36;1
https://www.mangakakalot.gg/manga/power-play/chapter-44;1
https://www.mangakakalot.gg/manga/million-moja/chapter-6;1
https://www.mangakakalot.gg/manga/uso-to-noroi-wa-himeyaka-ni/chapter-1-2;1
https://www.mangakakalot.gg/manga/tachi-nomi-izakaya-de-kei-joshidaisei-ga-tonari-ni-kuru-hanashi/chapter-3;1
https://www.mangakakalot.gg/manga/white-night/chapter-5;1
https://www.mangakakalot.gg/manga/office-no-host-sama/chapter-2;1
https://www.mangakakalot.gg/manga/the-maid-i-hired-recently-is-mysterious/chapter-71-1;1
https://www.mangakakalot.gg/manga/chronicles-of-the-lazy-sovereign/chapter-48;1
https://www.mangakakalot.gg/manga/taejonbirok/chapter-48;1
https://www.mangakakalot.gg/manga/i-was-reincarnated-as-the-villainess-s-sister/chapter-20;1
https://www.mangakakalot.gg/manga/fuguu-reijou-to-hikikomori-mahoutsukai-futari-de-slow-life-wo-mezashimasu/chapter-4;1
https://www.mangakakalot.gg/manga/neko-no-oshigoto/chapter-20-1;1
https://www.mangakakalot.gg/manga/i-ll-marry-your-brother/chapter-65;1
https://www.mangakakalot.gg/manga/i-became-the-trashy-dukes-affair-partner/chapter-16;1
https://www.mangakakalot.gg/manga/the-wavering-husband/chapter-34;1
https://www.mangakakalot.gg/manga/don-t-underestimate-bread-making/chapter-12;1
https://www.mangakakalot.gg/manga/the-young-lady-has-been-acting-weird-ever-since-someone-confessed-to-me/chapter-7-5;1
https://mangafire.to/read/monster-no-niku-wo-kutte-itara-oui-no-tsuita-kenn.xvqxv/en/chapter-12;1
https://mangafire.to/read/arknights-cecelias-requiem-journey.1q62m/en/chapter-0;1
https://mangafire.to/read/pokemon-big-brother-and-mee.np0o8/en/chapter-0;1
https://mangafire.to/read/suisei.x15o8/en/chapter-0;1
https://mangafire.to/read/tonari-no-yousei-san.wq427/en/chapter-0;1
https://mangafire.to/read/lilim-holic.qzrwj/en/chapter-1;1
https://mangafire.to/read/satanica.20k5l/en/chapter-2;1
https://mangafire.to/read/kyou-mo-dokka-de-hachimitsu-ga-nurareteiru.17jxm/en/chapter-0;1
https://mangafire.to/read/gunnm-kikoujutsu-senki.nkolm/en/chapter-1.2;1
https://mangafire.to/read/toritsu-gyakujuuji-byouin.20kyl/en/chapter-0;1
https://mangafire.to/read/craft-skill-de-isekai-no-mujintou-wo-daikaizou-toka-omottara-senjuumin-ga-ite-ore-no-kodane-wo-neratteiru-you-desu.j2ky2/en/chapter-1;1
https://mangafire.to/read/gimai-5-nin-iru.9jr98/en/chapter-1;1
https://mangafire.to/read/tensai-futsu-gakusha-raro-papuru-no-hatsukoi.rovpn/en/chapter-0;1
https://mangafire.to/read/ajin-no-usagi-san-to-hare-kun.qzrpv/en/chapter-1;1
https://mangafire.to/read/isegyeseo-yubunamdoen-sseol.5wn7q/pt-br/chapter-9;1
https://mangafire.to/read/eigi-akatsuki-shadow-skill-dawn.20k85/pt-br/chapter-1;1
https://mangafire.to/read/reijou-vtuber-wa-maid-no-yashoku-ni-juurinsareru-kindan-gohan-de-shokureposei-haishin.zk4yp/en/chapter-2.1;1
https://mangafire.to/read/silent-hill-f.olp64/pt-br/chapter-1.2;1
https://mangafire.to/read/hirahirahira.yj59p/en/chapter-1;1
https://comix.to/title/exx6r-the-lotus-and-the-lost/9501666-chapter-30;1
https://comix.to/title/lldl2-creating-hidden-endings/8990733-chapter-49;1
https://comix.to/title/2x32-disastrous-necromancer/9000918-chapter-271;1
https://comix.to/title/nkjy-ishigami-senki/7217138-chapter-31;1
https://comix.to/title/13xge-my-perfect-apocalyptic-life/8863357-chapter-43;1
https://comix.to/title/jyr3-my-dragon-system/9496345-chapter-335;1
https://comix.to/title/2m02-duck-leeks-are-poisonous-professor-kamos-lecture-on-human-economics/7293729-chapter-15;1
https://comix.to/title/r95nv-sekai-wa-owattemo-ikirutte-tanoshii/7975033-chapter-36.1;1
https://comix.to/title/e3rlg-the-villainess-makeover/6739925-chapter-57;1
https://comix.to/title/g09xk-heterogenia-linguistico-ishuzoku-gengogaku-nyuumon/7887206-chapter-53;1
https://comix.to/title/801y8-the-postman-of-the-apocalypse/9196093-chapter-16;1
https://comix.to/title/gqr7-ill-be-spoiled-by-my-big-sis-cousin/9393998-chapter-30;1
https://comix.to/title/gyqx-pan-o-nameru-na/8926203-chapter-7;1
https://comix.to/title/e19m8-song-baek/9297825-chapter-60;1
https://comix.to/title/q8m3m-paradise-kiss/1832915-chapter-47;1
https://comix.to/title/nlv93-steaming-sniper/9499191-chapter-11;1
https://comix.to/title/xj5q-ore-ga-kokuhaku-sarete-kara-ojou-no-yousu-ga-okashii/7300916-chapter-7.1;1
https://comix.to/title/z1rk5-ten-thousandfold-return-senior-sister-please-behave/8510259-chapter-10;1
https://comix.to/title/e071e-chronicles-of-the-lazy-sovereign/9003571-chapter-46;1
https://comix.to/title/9zyj-mata-korosarete-shimatta-no-desu-ne-tantei-sama/9498876-chapter-11;1
https://sanascans.com/series/the-unloved-lady-and-the-fluffy-second-prince/chapter-14;1
https://sanascans.com/series/the-otome-game-has-ended/chapter-7;1
https://sanascans.com/series/the-lazy-villainous-noble-and-the-dumped-villainess-became-the-strongest-couple./chapter-7;1
https://sanascans.com/series/the-stepmother's-principles/chapter-17;1
https://sanascans.com/series/the-villainess-finds-happiness-in-the-spirit-forest/chapter-2;1
https://sanascans.com/series/the-strongest-saintess-with-all-magic-attributes/chapter-6;1
https://sanascans.com/series/my-fiance-who-used-to-hate-me-turned-into-a-squirrel-and-came-to-me-for-help./chapter-5;1
https://sanascans.com/series/at-five-years-old-i-became-the-dragon-prince's-bride./chapter-8;1
https://sanascans.com/series/the-frontier-lord's-daughter's-white-marriage/chapter-6;1
https://sanascans.com/series/is-the-%22unwanted%22-princess-actually-loved/chapter-9;1
https://sanascans.com/series/the-plain-apothecary-lady-won't-renew-her-contract./chapter-8;1
https://sanascans.com/series/the-retired-magic-knight-is-running-an-inn-in-the-frontier/chapter-1;1
https://sanascans.com/series/banishment-is-fine!%3A-as-a-genius-saint-i-can-shine-anywhere/chapter-9;1
https://sanascans.com/series/violetta's-agricultural-revolution%3A-the-reincarnated-lady-loved-by-the-ice-marquis./chapter-10;1
https://sanascans.com/series/reincarnated-to-meet-my-family-again-serving-love-on-every-plate/chapter-14;1
https://sanascans.com/series/i'm-just-a-background-tutor-but-i'm-doted-on-by-my-favorite-the-third-prince./chapter-3;1
https://sanascans.com/series/the-reincarnated-saintess-wants-to-aim-for-a-recluse-slow-life!/chapter-6;1
https://sanascans.com/series/if-they-find-out-i'm-a-mandragora-am-i-done-for/chapter-1;1
https://sanascans.com/series/my-twin-stole-the-saint's-blessing-so-i'm-setting-out-to-find-a-kind-family./chapter-2;1
https://sanascans.com/series/the-young-lady-betrayed-by-her-fiance-and-sister-returns./chapter-9;1
google.com/search?q=one+piece;0
youtube.com/watch?v=dQw4w9WgXcQ;0
reddit.com/r/anime/comments/abc123;0
wikipedia.org/wiki/Manga;0
https://www.google.com/search?q=best+coffee+shops+near+me;0
https://www.youtube.com/watch?v=dQw4w9WgXcQ;0
https://www.reddit.com/r/programming/comments/abc123/why_rust_is_gaining_popularity;0
https://www.wikipedia.org/wiki/Renaissance;0
https://www.amazon.com/dp/B09X35VBWG;0
https://www.netflix.com/browse/genre/34399;0
https://www.spotify.com/us/account/overview;0
https://www.github.com/torvalds/linux;0
https://www.stackoverflow.com/questions/11227809/why-is-processing-a-sorted-array-faster;0
https://www.bbc.com/news/world-europe-12345678;0
https://www.nytimes.com/2026/05/17/technology/ai-regulation.html;0
https://www.twitch.tv/directory/game/chess;0
https://www.instagram.com/p/abc123xyz;0
https://www.linkedin.com/in/john-doe-developer;0
https://www.twitter.com/nasa/status/123456789;0
https://www.weather.com/weather/today/l/Amsterdam+Netherlands;0
https://www.tripadvisor.com/Hotel_Review-g188590-d123456-Reviews-Hotel_V_Nesplein-Amsterdam.html;0
https://www.booking.com/hotel/nl/v-on-the-dam.html;0
https://www.airbnb.com/rooms/12345678;0
https://www.imdb.com/title/tt0111161;0
https://www.rottentomatoes.com/m/the_shawshank_redemption;0
https://www.goodreads.com/book/show/2767052-the-hunger-games;0
https://www.coursera.org/learn/machine-learning;0
https://www.udemy.com/course/the-complete-python-bootcamp;0
https://www.khanacademy.org/math/calculus-1/cs1-derivatives-definition-and-basic-rules;0
https://www.medium.com/towards-data-science/understanding-neural-networks;0
https://www.dev.to/ben/how-to-get-started-with-open-source;0
https://www.theguardian.com/sport/2026/may/17/premier-league-final-day;0
https://www.espn.com/nba/game/_/gameId/401234567;0
https://www.steamcommunity.com/app/570/discussions;0
https://www.store.steampowered.com/app/1091500/Cyberpunk_2077;0
https://www.paypal.com/myaccount/summary;0
https://www.ebay.com/itm/apple-macbook-pro-2024/123456789012;0
https://www.etsy.com/listing/123456789/handmade-ceramic-mug;0
https://www.canva.com/design/DAF123456/edit;0
https://www.figma.com/file/abc123/Design-System;0
https://www.notion.so/myworkspace/Project-Roadmap-abc123;0
https://www.trello.com/b/abc12345/sprint-planning;0
https://www.dropbox.com/sh/abc123/file.pdf;0
https://www.wolframalpha.com/input?i=integral+of+sin(x);0
https://www.nationalgeographic.com/animals/mammals/facts/african-elephant;0
https://www.nasa.gov/missions/hubble/hubble-captures-new-galaxy-images;0
https://www.mayoclinic.org/diseases-conditions/diabetes/symptoms-causes/syc-20371444;0
https://www.investopedia.com/terms/c/compoundinterest.asp;0
https://www.techcrunch.com/2026/05/17/openai-announces-new-model;0
https://www.wired.com/story/the-future-of-battery-technology;0
https://www.howstuffworks.com/science/environmental/how-solar-panels-work.htm;0
https://www.allrecipes.com/recipe/10813/best-chocolate-chip-cookies;0
https://www.ikea.com/nl/en/p/kallax-shelf-unit-white-80275887;0
https://www.duolingo.com/course/fr/en/Learn-French;0
https://www.bloomberg.com/markets/stocks/us;0
https://www.forbes.com/advisor/investing/best-index-funds;0
https://www.reuters.com/technology/artificial-intelligence/2026-05-17;0
https://www.wsj.com/finance/banking/interest-rates-federal-reserve;0
https://www.marketwatch.com/investing/stock/aapl;0
https://www.coinbase.com/price/bitcoin;0
https://www.zillow.com/homes/for-sale/Amsterdam_rb;0
https://www.booking.com/searchresults/nl/amsterdam.html;0
https://www.tripadvisor.com/Restaurants-g188590-Amsterdam_North_Holland_Province.html;0
https://www.yelp.com/search?find_desc=coffee&find_loc=Rotterdam;0
https://www.healthline.com/nutrition/foods/blueberries;0
https://www.webmd.com/diet/obesity/features/lose-weight-for-good;0
https://www.mayoclinic.org/healthy-lifestyle/nutrition-and-healthy-eating/basics/nutrition-basics;0
https://www.mit.edu/research/computer-science-and-artificial-intelligence;0
https://www.coursera.org/professional-certificates/google-data-analytics;0
https://www.edx.org/learn/python/massachusetts-institute-of-technology-introduction-to-computer-science;0
https://www.codecademy.com/learn/learn-javascript;0
https://www.freecodecamp.org/learn/responsive-web-design;0
https://www.w3schools.com/css/css_intro.asp;0
https://www.docs.python.org/3/library/functions.html;0
https://www.developer.mozilla.org/en-US/docs/Web/JavaScript/Reference/Global_Objects/Array;0
https://www.leetcode.com/problems/two-sum;0
https://www.hackerrank.com/challenges/solve-me-first/problem;0
https://www.chess.com/game/live/123456789;0
https://www.lichess.org/abc123def;0
https://www.fifa.com/tournaments/mens/worldcup/2026worldcup/teams;0
https://www.nhl.com/standings/2026/league;0
https://www.formula1.com/en/results/2026/races/monaco/race-result;0
https://www.strava.com/activities/123456789;0
https://www.nike.com/nl/w/mens-running-shoes-37v7jznik1;0
https://www.adidas.com/us/ultraboost-22-shoes;0
https://www.asos.com/women/dresses/cat/?cid=8799;0
https://www.zalando.nl/heren-schoenen;0
https://www.uniqlo.com/nl/en/men/outerwear;0
https://www.pinterest.com/ideas/home-decor/908812130664;0
https://www.unsplash.com/photos/brown-wooden-table-near-window;0
https://www.flickr.com/photos/natgeophoto/123456789;0
https://www.behance.net/gallery/123456789/Brand-Identity-Project;0
https://www.dribbble.com/shots/12345678-Dashboard-UI-Design;0
https://www.producthunt.com/posts/notion-ai-2-0;0
https://www.ycombinator.com/companies/stripe;0
https://www.crunchbase.com/organization/openai/funding_rounds;0
https://www.glassdoor.com/Reviews/Google-Reviews-E9079.htm;0
https://www.indeed.com/jobs?q=software+engineer&l=Amsterdam;0
https://www.quora.com/What-is-the-best-programming-language-to-learn-in-2026;0
https://www.archive.org/details/classicbooks;0
https://www.gutenberg.org/ebooks/1342;0
https://www.wolframalpha.com/input?i=population+of+netherlands;0
https://www.openstreetmap.org/#map=12/51.9225/4.4792;0
https://www.typeracer.com/race?rt=text&id=quotes;0

